team_id,round_1,round_2,round_3,round_4,round_5,round_6
0,99,90,75,55,38,23
1,1,0.1,0.01,0.01,0.01,0.01
2,66,15,5,2,1,0.1
3,34,6,2,1,0.1,0.01
4,81,45,20,10,4,2
5,19,5,1,0.1,0.01,0.01
6,92,55,25,12,5,2
7,8,2,0.1,0.01,0.01,0.01
8,74,35,12,4,2,1
9,26,7,2,1,0.1,0.01
10,94,65,35,15,6,2
11,6,1,0.1,0.01,0.01,0.01
12,71,30,10,4,2,1
13,29,7,2,1,0.1,0.01
14,99,75,48,25,12,6
15,1,0.1,0.01,0.01,0.01,0.01
16,99,88,72,50,33,20
17,1,0.1,0.01,0.01,0.01,0.01
18,43,10,3,1,0.1,0.01
19,57,15,4,1,0.1,0.01
20,89,48,18,8,3,1
21,11,3,1,0.1,0.01,0.01
22,94,58,25,12,5,2
23,6,1,0.1,0.01,0.01,0.01
24,75,32,10,4,2,1
25,25,6,2,1,0.1,0.01
26,99,62,30,12,4,2
27,1,0.1,0.01,0.01,0.01,0.01
28,59,22,6,2,1,0.1
29,41,12,3,1,0.1,0.01
30,99,70,40,18,7,3
31,1,0.1,0.01,0.01,0.01,0.01
32,99,89,74,53,36,22
33,1,0.1,0.01,0.01,0.01,0.01
34,60,14,4,1,0.1,0.01
35,40,8,2,1,0.1,0.01
36,80,38,14,5,2,1
37,20,5,1,0.1,0.01,0.01
38,88,50,18,7,3,1
39,12,3,0.1,0.01,0.01,0.01
40,70,35,14,5,2,1
41,30,8,2,1,0.1,0.01
42,97,60,28,11,4,2
43,3,1,0.1,0.01,0.01,0.01
44,60,25,10,4,2,1
45,40,10,3,1,0.1,0.01
46,98,73,45,22,10,4
47,2,0.1,0.01,0.01,0.01,0.01
48,99,82,62,40,25,13
49,1,0.1,0.01,0.01,0.01,0.01
50,41,10,3,1,0.1,0.01
51,59,15,4,1,0.1,0.01
52,86,48,20,8,3,2
53,14,3,1,0.1,0.01,0.01
54,92,52,20,8,3,1
55,8,2,0.1,0.01,0.01,0.01
56,59,28,10,4,2,1
57,41,12,3,1,0.1,0.01
58,99,72,45,24,11,5
59,1,0.1,0.01,0.01,0.01,0.01
60,59,22,7,2,1,0.1
61,41,10,3,1,0.1,0.01
62,99,78,55,33,18,9
63,1,0.1,0.01,0.01,0.01,0.01
