id,name,seed
0,Duke,1
1,Siena,16
2,Ohio State,8
3,TCU,9
4,St. John's,5
5,Northern Iowa,12
6,Kansas,4
7,Cal Baptist,13
8,Louisville,6
9,South Florida,11
10,Michigan State,3
11,North Dakota State,14
12,UCLA,7
13,UCF,10
14,UConn,2
15,Furman,15
16,Arizona,1
17,LIU,16
18,Villanova,8
19,Utah State,9
20,Wisconsin,5
21,High Point,12
22,Arkansas,4
23,Hawaii,13
24,BYU,6
25,NC State,11
26,Gonzaga,3
27,Kennesaw State,14
28,Miami FL,7
29,Missouri,10
30,Purdue,2
31,Queens,15
32,Michigan,1
33,Howard,16
34,Georgia,8
35,Saint Louis,9
36,Texas Tech,5
37,Akron,12
38,Alabama,4
39,Hofstra,13
40,Tennessee,6
41,SMU,11
42,Virginia,3
43,Wright State,14
44,Kentucky,7
45,Santa Clara,10
46,Iowa State,2
47,Tennessee State,15
48,Florida,1
49,Lehigh,16
50,Clemson,8
51,Iowa,9
52,Vanderbilt,5
53,McNeese,12
54,Nebraska,4
55,Troy,13
56,UNC,6
57,VCU,11
58,Illinois,3
59,Penn,14
60,Saint Mary's,7
61,Texas A&M,10
62,Houston,2
63,Idaho,15
