team,adj_oe,adj_de
Duke,128.15,90.82
Michigan,127.63,91.05
Arizona,126.93,91.40
Florida,126.11,92.27
Houston,125.38,92.40
Illinois,131.95,98.21
Iowa St.,123.78,92.64
Purdue,133.29,100.25
Connecticut,123.09,94.97
Vanderbilt,127.45,99.33
Gonzaga,120.28,94.02
Texas Tech,126.29,98.79
Michigan St.,122.89,96.16
Virginia,122.25,95.83
St. John's,119.84,94.12
Tennessee,121.51,95.54
Louisville,124.03,98.17
Alabama,129.50,102.79
Arkansas,127.94,101.67
Nebraska,117.25,93.48
Wisconsin,127.18,101.64
Kansas,117.87,94.38
Ohio St.,125.22,101.61
UCLA,124.52,101.76
Saint Mary's,119.39,97.59
Iowa,122.13,100.19
North Carolina,121.47,100.05
Santa Clara,125.00,103.71
Utah St.,123.03,102.09
Clemson,116.54,96.95
Kentucky,119.91,99.99
BYU,124.75,104.33
Miami FL,121.08,101.47
Georgia,124.32,104.76
N.C. State,124.08,104.63
Texas A&M,119.89,101.39
SMU,123.05,104.97
Saint Louis,119.57,102.23
TCU,114.85,99.65
South Florida,116.78,101.42
UCF,120.00,105.67
Missouri,119.92,103.03
Hofstra,113.19,104.96
High Point,115.68,107.52
Akron,117.17,105.34
McNeese St.,113.16,102.17
Cal Baptist,107.49,100.32
North Dakota St.,111.46,106.05
Wright St.,112.41,109.03
Northern Iowa,109.71,98.58
Hawaii,106.90,101.85
Troy,110.72,109.04
Kennesaw St.,110.80,109.50
Penn,106.58,105.41
Idaho,108.83,106.19
Furman,110.44,110.54
Queens,109.95,108.96
Tennessee St.,108.65,108.19
VCU,119.29,103.09
Howard,103.71,101.47
Lehigh,106.44,105.40
Siena,113.14,112.37
LIU,109.95,108.96
Miami OH,116.69,107.59
